Nombre,GÃ©nero,Motivo,Dinero
Vladimir Popov,Masculino,Turismo,2303
Stanislav Dmitriev,Masculino,Trabajo,1314
Lev Popov,Masculino,Turismo,1627
Leonid Simonov,Masculino,Familia,1785
Georgi Sokolov,Masculino,Trabajo,667
Raisa Volkov,Femenino,Estudios,1853
Andrei Golubev,Masculino,Familia,2801
Fyodor Alexandrov,Masculino,Estudios,1709
Gennadi Popov,Masculino,Deporte,1100
Zoya Smirnov,Femenino,Salud,1141
Arkadi Lukin,Masculino,Familia,2876
Lyubov Kuzmin,Femenino,Estudios,2451
Sergei Gusev,Masculino,Asilo,1666
Stanislav Novikov,Masculino,Turismo,1249
Anatoli Yakovlev,Masculino,Turismo,1724
Dmitri Krylov,Masculino,Trabajo,1801
Elena Novikov,Femenino,Familia,2327
Boris Belov,Masculino,Asilo,2936
Evgenia Gusev,Femenino,Turismo,2247
Yakov Golubev,Masculino,Salud,2557
Ksenia Markov,Femenino,Deporte,2444
Sofiya Novikov,Femenino,Trabajo,2933
Stanislav Kuzmin,Masculino,Asilo,641
Anastasia Sergeev,Femenino,Deporte,948
Denis Alexandrov,Masculino,Turismo,2926
Zoya Popov,Femenino,Trabajo,1259
Anatoli Dmitriev,Masculino,Salud,952
Maxim Sokolov,Masculino,Asilo,573
Lyudmila Golubev,Femenino,Asilo,574
Ksenia Egorov,Femenino,Trabajo,2813
Nadezhda Nikolaev,Femenino,Asilo,911
Viktor Nikolaev,Masculino,Estudios,1128
Igor Romanov,Masculino,Salud,2798
Lyudmila Pavlov,Femenino,Salud,1704
Valentina Lukin,Femenino,Asilo,2553
Georgi Sergeev,Masculino,Deporte,2410
Sofiya Sergeev,Femenino,Familia,1223
Polina Titov,Femenino,Deporte,1696
Vera Zhukov,Femenino,Salud,2210
Maxim Karpov,Masculino,Trabajo,1135
Timur Morozov,Masculino,Estudios,2447
Galina Zhukov,Femenino,Deporte,2992
Ekaterina Karpov,Femenino,Deporte,2656
Alla Filippov,Femenino,Trabajo,1200
Raisa Andreev,Femenino,Estudios,2232
Valeri Sokolov,Masculino,Familia,2209
Galina Morozov,Femenino,Asilo,2248
Anatoli Grigoryev,Masculino,Asilo,687
Victoria Popov,Femenino,Salud,2898
Polina Dmitriev,Femenino,Trabajo,2194
Elena Alexandrov,Femenino,Trabajo,2192
Boris Petrov,Masculino,Turismo,2692
Boris Pavlov,Masculino,Familia,1645
Olga Danilov,Femenino,Trabajo,1210
Igor Alexandrov,Masculino,Trabajo,623
Ivan Novikov,Masculino,Asilo,604
Galina Romanov,Femenino,Familia,1496
Larisa Popov,Femenino,Turismo,1777
Elena Andreev,Femenino,Trabajo,1499
Lev Vasiliev,Masculino,Deporte,525
Pavel Kuznetsov,Masculino,Deporte,2956
Anatoli Nikolaev,Masculino,Turismo,1470
Igor Kuzmin,Masculino,Estudios,812
Georgi Zhukov,Masculino,Turismo,2690
Timur Dmitriev,Masculino,Turismo,1898
Timur Grigoryev,Masculino,Deporte,512
Lidia Belov,Femenino,Estudios,1616
Yulia Novikov,Femenino,Salud,1933
Olga Fedorov,Femenino,Asilo,541
Galina Fedorov,Femenino,Familia,789
Dmitri Fedorov,Masculino,Deporte,1082
Grigori Karpov,Masculino,Turismo,1184
Irina Yakovlev,Femenino,Familia,921
Denis Simonov,Masculino,Estudios,794
Yakov Mikhailov,Masculino,Turismo,968
Daria Romanov,Femenino,Turismo,2360
Valeri Andreev,Masculino,Asilo,2031
Arkadi Lukin,Masculino,Turismo,2201
Svetlana Pavlov,Femenino,Turismo,1545
Vladimir Sokolov,Masculino,Asilo,904
Ekaterina Egorov,Femenino,Estudios,1270
Boris Vasiliev,Masculino,Asilo,2843
Anastasia Alexandrov,Femenino,Turismo,2016
Anna Stepanov,Femenino,Salud,2121
Andrei Filippov,Masculino,Asilo,616
Pavel Pavlov,Masculino,Turismo,2436
Maria Kuzmin,Femenino,Asilo,2938
Alla Titov,Femenino,Asilo,1275
Georgi Popov,Masculino,Salud,518
Alla Kuznetsov,Femenino,Estudios,2450
Igor Ivanov,Masculino,Estudios,1546
Yakov Yakovlev,Masculino,Asilo,1741
Alexei Simonov,Masculino,Salud,1283
Daria Kuzmin,Femenino,Salud,2144
Ekaterina Golubev,Femenino,Asilo,2408
Sofiya Karpov,Femenino,Salud,2911
Oleg Stepanov,Masculino,Deporte,1240
Victoria Krylov,Femenino,Estudios,696
Fyodor Nikolaev,Masculino,Asilo,2461
Georgi Belov,Masculino,Salud,983
Eduard Volkov,Masculino,Estudios,2601
Alexei Nikolaev,Masculino,Trabajo,1789
Eduard Simonov,Masculino,Asilo,1062
Zoya Zaitsev,Femenino,Deporte,780
Georgi Pavlov,Masculino,Asilo,1485
Oleg Yakovlev,Masculino,Asilo,2808
Olga Belov,Femenino,Turismo,2713
Nikolai Volkov,Masculino,Estudios,2843
Katerina Gusev,Femenino,Trabajo,2886
Georgi Kuznetsov,Masculino,Turismo,935
Alexei Grigoryev,Masculino,Turismo,2224
Georgi Grigoryev,Masculino,Trabajo,1824
Tamara Grigoryev,Femenino,Turismo,2173
Denis Novikov,Masculino,Turismo,1383
Dmitri Novikov,Masculino,Turismo,762
Boris Andreev,Masculino,Salud,2590
Mikhail Pavlov,Masculino,Salud,2364
Lidia Krylov,Femenino,Salud,1411
Yuri Nikolaev,Masculino,Turismo,2263
Eduard Alexandrov,Masculino,Deporte,1775
Nikolai Simonov,Masculino,Trabajo,2655
Vladimir Markov,Masculino,Asilo,1002
Natalia Golubev,Femenino,Familia,2510
Olga Lebedev,Femenino,Trabajo,1588
Eduard Lebedev,Masculino,Salud,2200
Evgenia Smirnov,Femenino,Familia,780
Svetlana Zhukov,Femenino,Trabajo,2788
Alla Zaitsev,Femenino,Estudios,586
Nikolai Danilov,Masculino,Asilo,834
Vera Markov,Femenino,Salud,693
Daria Titov,Femenino,Asilo,2463
Andrei Gusev,Masculino,Salud,2254
Galina Yakovlev,Femenino,Familia,2288
Gennadi Mikhailov,Masculino,Deporte,1482
Katerina Petrov,Femenino,Deporte,2674
Andrei Titov,Masculino,Deporte,1120
Lyudmila Pavlov,Femenino,Turismo,1652
Roman Simonov,Masculino,Trabajo,1997
Vera Zhukov,Femenino,Deporte,1165
Vasili Vasiliev,Masculino,Familia,2907
Yulia Pavlov,Femenino,Trabajo,1586
Konstantin Lebedev,Masculino,Asilo,533
Svetlana Danilov,Femenino,Familia,1901
Svetlana Volkov,Femenino,Turismo,1351
Boris Orlov,Masculino,Asilo,1272
Yakov Volkov,Masculino,Estudios,1474
Victoria Petrov,Femenino,Deporte,2262
Oleg Karpov,Masculino,Deporte,1065
Stepan Smirnov,Masculino,Asilo,2814
Lev Smirnov,Masculino,Asilo,781
Alexei Popov,Masculino,Deporte,1807
Denis Romanov,Masculino,Familia,2662
Anastasia Kuznetsov,Femenino,Estudios,841
Grigori Simonov,Masculino,Familia,508
Taisiya Romanov,Femenino,Deporte,845
Nina Grigoryev,Femenino,Deporte,598
Lyudmila Yakovlev,Femenino,Asilo,1617
Maxim Pavlov,Masculino,Trabajo,2031
Evgenia Stepanov,Femenino,Deporte,1766
Valeri Novikov,Masculino,Deporte,2744
Lidia Dmitriev,Femenino,Asilo,2596
Aleksandr Alexandrov,Masculino,Turismo,2039
Roman Pavlov,Masculino,Trabajo,2291
Ivan Fedorov,Masculino,Asilo,1671
Olga Egorov,Femenino,Salud,691
Evgenia Kuzmin,Femenino,Familia,1305
Nikolai Karpov,Masculino,Turismo,2822
Sergei Gusev,Masculino,Asilo,2356
Olga Kuznetsov,Femenino,Familia,947
Dmitri Smirnov,Masculino,Familia,563
Galina Lukin,Femenino,Salud,1821
Lidia Fedorov,Femenino,Asilo,1180
Polina Sokolov,Femenino,Trabajo,2837
Olga Zaitsev,Femenino,Familia,1238
Konstantin Markov,Masculino,Turismo,1625
Dmitri Filippov,Masculino,Salud,2067
Boris Sergeev,Masculino,Asilo,1046
Maxim Andreev,Masculino,Turismo,2387
Olga Sokolov,Femenino,Salud,1098
Dmitri Alexandrov,Masculino,Salud,2144
Dmitri Alexandrov,Masculino,Familia,1130
Marina Vasiliev,Femenino,Estudios,703
Dmitri Krylov,Masculino,Salud,1531
Galina Petrov,Femenino,Deporte,2380
Lyudmila Filippov,Femenino,Familia,2669
Evgeni Sokolov,Masculino,Asilo,2003
Ivan Sokolov,Masculino,Salud,2577
Larisa Vasiliev,Femenino,Asilo,715
Anna Vasiliev,Femenino,Asilo,1971
Mikhail Stepanov,Masculino,Asilo,2175
Daria Krylov,Femenino,Estudios,1253
Alla Tikhonov,Femenino,Familia,1814
Sergei Alexandrov,Masculino,Turismo,1375
Konstantin Belov,Masculino,Salud,505
Valeri Lebedev,Masculino,Salud,2355
Timur Fedorov,Masculino,Asilo,1541
Lev Dmitriev,Masculino,Familia,1718
Lev Zhukov,Masculino,Asilo,2676
Nina Orlov,Femenino,Turismo,2266
Georgi Kuznetsov,Masculino,Familia,2502
Lyudmila Titov,Femenino,Salud,2588
Stanislav Sokolov,Masculino,Asilo,1080
Alla Lukin,Femenino,Familia,927
Olga Romanov,Femenino,Salud,1979
Lev Stepanov,Masculino,Estudios,606
Tatiana Zhukov,Femenino,Deporte,1485
Victoria Zaitsev,Femenino,Estudios,1485
Nina Kuznetsov,Femenino,Familia,1666
Elena Egorov,Femenino,Familia,1249
Dmitri Morozov,Masculino,Deporte,1521
Mikhail Orlov,Masculino,Salud,1981
Anatoli Zaitsev,Masculino,Asilo,1888
Yakov Mikhailov,Masculino,Turismo,2746
Mikhail Egorov,Masculino,Trabajo,2928
Anastasia Karpov,Femenino,Asilo,2576
Boris Golubev,Masculino,Trabajo,1855
Tamara Grigoryev,Femenino,Trabajo,2745
Nikolai Krylov,Masculino,Salud,744
Galina Karpov,Femenino,Estudios,709
Sergei Tikhonov,Masculino,Deporte,1613
Natalia Gusev,Femenino,Asilo,1436
Lyudmila Zaitsev,Femenino,Asilo,835
Sergei Andreev,Masculino,Familia,1008
Sofiya Simonov,Femenino,Familia,1508
Georgi Stepanov,Masculino,Asilo,2043
Lidia Sergeev,Femenino,Deporte,1562
Taisiya Fedorov,Femenino,Salud,609
Alla Tikhonov,Femenino,Trabajo,1825
Alexei Andreev,Masculino,Asilo,892
Nikita Golubev,Masculino,Turismo,2877
Valeri Markov,Masculino,Asilo,2361
Andrei Egorov,Masculino,Trabajo,1501
Stepan Egorov,Masculino,Trabajo,1168
Lyudmila Smirnov,Femenino,Trabajo,1495
Vasili Morozov,Masculino,Asilo,2957
Grigori Lebedev,Masculino,Familia,1867
Olga Gusev,Femenino,Salud,1674
Yulia Stepanov,Femenino,Familia,2732
Olga Petrov,Femenino,Estudios,802
Olga Fedorov,Femenino,Familia,2585
Maria Karpov,Femenino,Salud,1680
Ksenia Yakovlev,Femenino,Deporte,2494
Vasili Simonov,Masculino,Deporte,1361
Arkadi Vasiliev,Masculino,Asilo,941
Svetlana Lukin,Femenino,Deporte,1833
Elena Ivanov,Femenino,Asilo,644
Konstantin Novikov,Masculino,Turismo,1758
Vasili Vasiliev,Masculino,Turismo,1525
Arkadi Gusev,Masculino,Trabajo,1634
Yakov Andreev,Masculino,Asilo,2489
Nina Simonov,Femenino,Turismo,2741
Tamara Alexandrov,Femenino,Familia,2798
Vladimir Petrov,Masculino,Deporte,1452
Yulia Pavlov,Femenino,Deporte,667
Alexei Alexandrov,Masculino,Salud,2649
Inna Zhukov,Femenino,Asilo,1453
Dmitri Titov,Masculino,Estudios,2279
Ekaterina Fedorov,Femenino,Deporte,2136
Nikita Zhukov,Masculino,Trabajo,2257
Lyubov Ivanov,Femenino,Deporte,1909
Polina Karpov,Femenino,Familia,1458
Vasili Lukin,Masculino,Salud,2078
Sergei Sokolov,Masculino,Estudios,2480
Lidia Titov,Femenino,Asilo,1233
Nadezhda Fedorov,Femenino,Familia,1755
Stepan Nikolaev,Masculino,Deporte,772
Viktor Andreev,Masculino,Asilo,1759
Valeri Stepanov,Masculino,Estudios,1054
Katerina Krylov,Femenino,Estudios,840
Alla Simonov,Femenino,Estudios,2028
Lev Kuznetsov,Masculino,Familia,1617
Vera Mikhailov,Femenino,Asilo,2039
Viktor Sokolov,Masculino,Salud,1350
Fyodor Yakovlev,Masculino,Trabajo,2962
Ivan Stepanov,Masculino,Estudios,1641
Lyubov Markov,Femenino,Deporte,1066
Lidia Krylov,Femenino,Salud,777
Katerina Petrov,Femenino,Deporte,681
Roman Sergeev,Masculino,Salud,2004
Vladimir Tikhonov,Masculino,Asilo,2458
Nadezhda Petrov,Femenino,Asilo,2841
Pavel Yakovlev,Masculino,Turismo,524
Konstantin Zhukov,Masculino,Trabajo,1960
Zoya Fedorov,Femenino,Deporte,1140
Alla Krylov,Femenino,Trabajo,1643
Vera Petrov,Femenino,Familia,1623
Aleksandr Danilov,Masculino,Familia,2727
Georgi Romanov,Masculino,Salud,1907
Ivan Volkov,Masculino,Trabajo,2902
Alexei Fedorov,Masculino,Asilo,2084
Maxim Krylov,Masculino,Trabajo,2358
Valeri Smirnov,Masculino,Estudios,1993
Gennadi Sergeev,Masculino,Turismo,509
Taisiya Karpov,Femenino,Asilo,1029
Ekaterina Egorov,Femenino,Familia,2905
Dmitri Lukin,Masculino,Asilo,1431
Nikolai Romanov,Masculino,Trabajo,1049
Igor Zaitsev,Masculino,Asilo,1544
Konstantin Lukin,Masculino,Asilo,2557
Zoya Tikhonov,Femenino,Turismo,1013
Olga Yakovlev,Femenino,Turismo,1816
Gennadi Pavlov,Masculino,Trabajo,2162
Taisiya Ivanov,Femenino,Familia,1727
Alla Volkov,Femenino,Familia,959
Natalia Grigoryev,Femenino,Trabajo,1922
Dmitri Gusev,Masculino,Turismo,1990
Leonid Novikov,Masculino,Trabajo,544
Vasili Danilov,Masculino,Trabajo,2093
Victoria Simonov,Femenino,Salud,2873
Stanislav Karpov,Masculino,Turismo,2603
Georgi Smirnov,Masculino,Trabajo,908
Polina Sokolov,Femenino,Asilo,777
Galina Novikov,Femenino,Turismo,1469
Timur Kuznetsov,Masculino,Familia,2074
Anatoli Yakovlev,Masculino,Trabajo,1446
Anna Sergeev,Femenino,Deporte,1890
Sofiya Andreev,Femenino,Trabajo,1980
Valeri Morozov,Masculino,Turismo,2500
Lev Markov,Masculino,Familia,1245
Viktor Popov,Masculino,Trabajo,1473
Inna Zhukov,Femenino,Estudios,2797
Nadezhda Kuznetsov,Femenino,Deporte,887
Maria Morozov,Femenino,Turismo,1415
Nina Ivanov,Femenino,Trabajo,897
Maxim Danilov,Masculino,Salud,1837
Galina Petrov,Femenino,Deporte,1335
Tatiana Dmitriev,Femenino,Salud,1758
Oleg Belov,Masculino,Familia,839
Anna Zhukov,Femenino,Estudios,1348
Polina Nikolaev,Femenino,Familia,2615
Nikita Ivanov,Masculino,Trabajo,1284
Arkadi Novikov,Masculino,Asilo,1515
Timur Karpov,Masculino,Deporte,2216
Raisa Romanov,Femenino,Familia,1213
Lev Kuzmin,Masculino,Salud,1134
Igor Filippov,Masculino,Turismo,1908
Alla Smirnov,Femenino,Trabajo,2633
Anatoli Lukin,Masculino,Salud,2113
Yulia Volkov,Femenino,Trabajo,1040
Stepan Kuznetsov,Masculino,Salud,2250
Nina Yakovlev,Femenino,Trabajo,905
Yuri Lebedev,Masculino,Familia,1579
Boris Petrov,Masculino,Familia,1739
Mikhail Novikov,Masculino,Asilo,2362
Ivan Petrov,Masculino,Salud,2898
Konstantin Vasiliev,Masculino,Asilo,888
Sofiya Belov,Femenino,Asilo,1393
Taisiya Volkov,Femenino,Salud,1162
Elena Krylov,Femenino,Asilo,1236
Galina Kuznetsov,Femenino,Asilo,1708
Konstantin Pavlov,Masculino,Estudios,2948
Timur Gusev,Masculino,Deporte,2404
Stepan Lebedev,Masculino,Trabajo,2228
Marina Kuznetsov,Femenino,Trabajo,925
Konstantin Fedorov,Masculino,Estudios,560
Igor Alexandrov,Masculino,Asilo,881
Olga Grigoryev,Femenino,Salud,1205
Ivan Vasiliev,Masculino,Familia,2983
Alexei Zhukov,Masculino,Salud,509
Anatoli Mikhailov,Masculino,Estudios,1975
Grigori Egorov,Masculino,Familia,2928
Anastasia Kuznetsov,Femenino,Trabajo,862
Denis Lebedev,Masculino,Asilo,2106
Polina Zhukov,Femenino,Salud,2647
Ivan Kuzmin,Masculino,Salud,974
Olga Zhukov,Femenino,Deporte,2465
Leonid Ivanov,Masculino,Trabajo,899
Denis Belov,Masculino,Asilo,2389
Gennadi Volkov,Masculino,Trabajo,1319
Igor Orlov,Masculino,Turismo,2104
Evgeni Volkov,Masculino,Turismo,2406
Boris Titov,Masculino,Trabajo,2285
Lyubov Gusev,Femenino,Familia,2279
Leonid Romanov,Masculino,Trabajo,1342
Dmitri Egorov,Masculino,Deporte,1512
Nikita Gusev,Masculino,Turismo,2996
Yuri Kuzmin,Masculino,Salud,1812
Valentina Sergeev,Femenino,Salud,2201
Stepan Pavlov,Masculino,Asilo,790
Zoya Zaitsev,Femenino,Turismo,2277
Polina Lebedev,Femenino,Familia,2811
Yulia Smirnov,Femenino,Estudios,2992
Zoya Morozov,Femenino,Familia,2960
Konstantin Novikov,Masculino,Turismo,2748
Katerina Mikhailov,Femenino,Turismo,1926
Nikita Yakovlev,Masculino,Trabajo,2848
Alexei Novikov,Masculino,Deporte,2040
Stepan Danilov,Masculino,Asilo,1154
Stepan Ivanov,Masculino,Familia,1674
Fyodor Zaitsev,Masculino,Turismo,617
Gennadi Ivanov,Masculino,Estudios,1855
Gennadi Nikolaev,Masculino,Turismo,969
Ekaterina Morozov,Femenino,Salud,1262
Nikita Morozov,Masculino,Asilo,1763
Denis Grigoryev,Masculino,Familia,960
Valeri Sokolov,Masculino,Asilo,2436
Larisa Nikolaev,Femenino,Salud,2195
Galina Ivanov,Femenino,Trabajo,2598
Valeri Filippov,Masculino,Familia,526
Sofiya Egorov,Femenino,Estudios,2297
Fyodor Kuzmin,Masculino,Salud,1225
Aleksandr Dmitriev,Masculino,Trabajo,2764
Elena Romanov,Femenino,Estudios,1258
Daria Petrov,Femenino,Familia,2046
Fyodor Simonov,Masculino,Turismo,573
Vera Egorov,Femenino,Turismo,2913
Evgenia Kuzmin,Femenino,Salud,2613
Olga Novikov,Femenino,Turismo,1751
Stepan Orlov,Masculino,Deporte,2787
Irina Lukin,Femenino,Turismo,1317
Gennadi Belov,Masculino,Asilo,2749
Igor Stepanov,Masculino,Estudios,2542
Grigori Karpov,Masculino,Asilo,2798
Tatiana Egorov,Femenino,Deporte,793
Victoria Petrov,Femenino,Salud,2359
Vladimir Volkov,Masculino,Estudios,2822
Aleksandr Gusev,Masculino,Salud,1596
Polina Popov,Femenino,Estudios,2147
Taisiya Belov,Femenino,Estudios,2380
Evgeni Egorov,Masculino,Estudios,2169
Valeri Volkov,Masculino,Trabajo,1258
Nikolai Sokolov,Masculino,Asilo,1873
Lyudmila Morozov,Femenino,Estudios,744
Lyubov Pavlov,Femenino,Asilo,970
Maxim Alexandrov,Masculino,Salud,1932
Natalia Egorov,Femenino,Estudios,872
Vladimir Morozov,Masculino,Estudios,2453
Denis Ivanov,Masculino,Deporte,2823
Leonid Fedorov,Masculino,Asilo,2769
Vera Alexandrov,Femenino,Estudios,1568
Raisa Tikhonov,Femenino,Asilo,2952
Nikita Volkov,Masculino,Estudios,1311
Vladimir Tikhonov,Masculino,Trabajo,2665
Taisiya Kuzmin,Femenino,Salud,1608
Vladimir Stepanov,Masculino,Familia,703
Anna Lebedev,Femenino,Estudios,560
Timur Karpov,Masculino,Familia,583
Zoya Zhukov,Femenino,Familia,2630
Ivan Tikhonov,Masculino,Familia,751
Aleksandr Golubev,Masculino,Estudios,2957
Taisiya Danilov,Femenino,Asilo,1381
Larisa Krylov,Femenino,Trabajo,1276
Taisiya Dmitriev,Femenino,Estudios,914
Tamara Romanov,Femenino,Salud,2201
Vera Zhukov,Femenino,Deporte,1799
Ksenia Pavlov,Femenino,Asilo,1237
Zoya Andreev,Femenino,Deporte,2653
Eduard Kuzmin,Masculino,Asilo,1459
Pavel Zhukov,Masculino,Asilo,1018
Oleg Markov,Masculino,Familia,2925
Eduard Novikov,Masculino,Trabajo,2651
Evgenia Golubev,Femenino,Trabajo,2897
Fyodor Grigoryev,Masculino,Salud,1739
Stepan Pavlov,Masculino,Asilo,2023
Tatiana Tikhonov,Femenino,Asilo,881
Taisiya Zaitsev,Femenino,Salud,2063
Valentina Golubev,Femenino,Asilo,2426
Galina Yakovlev,Femenino,Deporte,1203
Leonid Lukin,Masculino,Trabajo,1895
Natalia Kuzmin,Femenino,Estudios,750
Roman Dmitriev,Masculino,Deporte,979
Olga Lebedev,Femenino,Asilo,1721
Nikolai Fedorov,Masculino,Turismo,2551
Polina Kuznetsov,Femenino,Asilo,1556
Alexei Ivanov,Masculino,Estudios,1869
Lidia Petrov,Femenino,Familia,1128
Evgenia Morozov,Femenino,Asilo,844
Grigori Karpov,Masculino,Deporte,1791
Raisa Simonov,Femenino,Asilo,816
Sergei Karpov,Masculino,Trabajo,1799
Irina Petrov,Femenino,Asilo,1141
Dmitri Pavlov,Masculino,Familia,1191
Maria Pavlov,Femenino,Turismo,1542
Grigori Nikolaev,Masculino,Familia,1266
Katerina Filippov,Femenino,Familia,2159
Vera Lukin,Femenino,Estudios,799
Daria Golubev,Femenino,Deporte,1914
Evgenia Smirnov,Femenino,Deporte,664
Anna Grigoryev,Femenino,Deporte,601
Galina Petrov,Femenino,Familia,1639
Denis Morozov,Masculino,Estudios,2000
Zoya Smirnov,Femenino,Estudios,775
Yulia Volkov,Femenino,Salud,1355
Taisiya Karpov,Femenino,Salud,866
Ksenia Kuznetsov,Femenino,Deporte,2925
Nina Simonov,Femenino,Familia,2691
Andrei Yakovlev,Masculino,Familia,2463
Fyodor Mikhailov,Masculino,Asilo,2079
Larisa Egorov,Femenino,Turismo,1735
Raisa Markov,Femenino,Familia,1940
Taisiya Romanov,Femenino,Trabajo,2439
Marina Grigoryev,Femenino,Turismo,841
Olga Gusev,Femenino,Trabajo,1009
Sergei Filippov,Masculino,Familia,2737
Katerina Orlov,Femenino,Familia,2928
Pavel Grigoryev,Masculino,Turismo,2370
Igor Fedorov,Masculino,Estudios,2197
Igor Morozov,Masculino,Familia,1004
Yuri Tikhonov,Masculino,Trabajo,972
Polina Yakovlev,Femenino,Deporte,2782
Yuri Morozov,Masculino,Asilo,2292
Maria Orlov,Femenino,Estudios,975
Ksenia Ivanov,Femenino,Salud,1082
Evgeni Kuznetsov,Masculino,Estudios,1121
Yakov Smirnov,Masculino,Trabajo,2268
Denis Titov,Masculino,Estudios,2417
Boris Simonov,Masculino,Deporte,2930
Ekaterina Zhukov,Femenino,Turismo,1546
Daria Krylov,Femenino,Asilo,545
Natalia Vasiliev,Femenino,Familia,2461
Grigori Romanov,Masculino,Salud,2801
Georgi Simonov,Masculino,Trabajo,2067
Denis Morozov,Masculino,Salud,981
Aleksandr Zaitsev,Masculino,Deporte,1254
Stepan Fedorov,Masculino,Turismo,2636
Yakov Stepanov,Masculino,Turismo,2259
Aleksandr Morozov,Masculino,Salud,514
Grigori Belov,Masculino,Turismo,2303
Gennadi Markov,Masculino,Turismo,726
Nikita Yakovlev,Masculino,Asilo,1761
Alexei Titov,Masculino,Deporte,2561
Yuri Titov,Masculino,Estudios,1222
Anatoli Filippov,Masculino,Estudios,2207
Svetlana Smirnov,Femenino,Deporte,611
Lev Romanov,Masculino,Estudios,2540
Georgi Golubev,Masculino,Salud,2915
Taisiya Petrov,Femenino,Asilo,1355
Grigori Zaitsev,Masculino,Estudios,1967
Elena Fedorov,Femenino,Asilo,1622
Stepan Belov,Masculino,Estudios,2713
Boris Vasiliev,Masculino,Trabajo,1689
Valeri Egorov,Masculino,Salud,1401
Maria Andreev,Femenino,Salud,2404
Anna Morozov,Femenino,Familia,2037
Anatoli Sokolov,Masculino,Estudios,2972
Anna Morozov,Femenino,Trabajo,1663
Lyudmila Gusev,Femenino,Estudios,1456
Nikita Ivanov,Masculino,Turismo,786
Dmitri Sokolov,Masculino,Asilo,2070
Oleg Lebedev,Masculino,Asilo,1144
Ksenia Novikov,Femenino,Estudios,1811
Denis Yakovlev,Masculino,Turismo,2547
Denis Andreev,Masculino,Turismo,1656
Lev Andreev,Masculino,Trabajo,2318
Vera Morozov,Femenino,Salud,2836
Victoria Lukin,Femenino,Trabajo,822
Denis Pavlov,Masculino,Estudios,2680
Stanislav Tikhonov,Masculino,Familia,2888
Anna Dmitriev,Femenino,Estudios,991
Dmitri Morozov,Masculino,Salud,2230
Georgi Pavlov,Masculino,Deporte,552
Nikita Yakovlev,Masculino,Estudios,2770
Olga Vasiliev,Femenino,Estudios,1348
Lidia Alexandrov,Femenino,Turismo,2610
Svetlana Lebedev,Femenino,Estudios,2633
Aleksandr Morozov,Masculino,Salud,1202
Anastasia Titov,Femenino,Trabajo,1259
Stepan Alexandrov,Masculino,Familia,2315
Lyudmila Zaitsev,Femenino,Trabajo,1140
Roman Belov,Masculino,Turismo,979
Maxim Danilov,Masculino,Familia,2266
Vasili Tikhonov,Masculino,Familia,2118
Yulia Filippov,Femenino,Familia,1415
Dmitri Alexandrov,Masculino,Deporte,668
Lidia Sergeev,Femenino,Familia,1843
Dmitri Lebedev,Masculino,Estudios,845
Larisa Fedorov,Femenino,Salud,2046
Denis Pavlov,Masculino,Turismo,1696
Arkadi Simonov,Masculino,Trabajo,1208
Aleksandr Lebedev,Masculino,Trabajo,781
Raisa Krylov,Femenino,Salud,1533
Elena Vasiliev,Femenino,Estudios,1941
Boris Pavlov,Masculino,Asilo,943
Sofiya Golubev,Femenino,Familia,1197
Lyubov Zaitsev,Femenino,Trabajo,758
Dmitri Sergeev,Masculino,Asilo,885
Denis Romanov,Masculino,Salud,2917
Viktor Ivanov,Masculino,Deporte,1964
Olga Alexandrov,Femenino,Deporte,2080
Nina Nikolaev,Femenino,Estudios,2421
Lidia Golubev,Femenino,Salud,1352
Grigori Orlov,Masculino,Familia,2031
Lev Alexandrov,Masculino,Deporte,880
Nadezhda Alexandrov,Femenino,Familia,2235
Valentina Orlov,Femenino,Salud,2649
Raisa Gusev,Femenino,Familia,930
Arkadi Smirnov,Masculino,Asilo,2436
Irina Tikhonov,Femenino,Estudios,1171
Vladimir Lebedev,Masculino,Familia,1322
Yulia Orlov,Femenino,Asilo,960
Nadezhda Dmitriev,Femenino,Asilo,1389
Vera Romanov,Femenino,Familia,1835
Zoya Orlov,Femenino,Asilo,1410
Valentina Titov,Femenino,Estudios,2636
Polina Zaitsev,Femenino,Trabajo,636
Polina Filippov,Femenino,Familia,1740
Sergei Morozov,Masculino,Asilo,1988
Yuri Egorov,Masculino,Salud,1539
Roman Fedorov,Masculino,Asilo,1353
Taisiya Orlov,Femenino,Asilo,1545
Yuri Markov,Masculino,Turismo,801
Vera Orlov,Femenino,Estudios,2494
Katerina Novikov,Femenino,Asilo,1913
Nina Gusev,Femenino,Deporte,2232
Georgi Stepanov,Masculino,Asilo,1861
Georgi Kuzmin,Masculino,Deporte,2924
Arkadi Mikhailov,Masculino,Asilo,2673
Yakov Popov,Masculino,Turismo,808
Ekaterina Titov,Femenino,Trabajo,1521
Grigori Romanov,Masculino,Trabajo,2562
Sergei Kuznetsov,Masculino,Deporte,2420
Olga Novikov,Femenino,Estudios,536
Evgeni Yakovlev,Masculino,Deporte,2171
Evgeni Lebedev,Masculino,Familia,894
Zoya Kuzmin,Femenino,Turismo,2267
Vladimir Dmitriev,Masculino,Deporte,1891
Galina Karpov,Femenino,Turismo,2112
Anna Andreev,Femenino,Salud,701
Zoya Gusev,Femenino,Familia,2183
Valeri Lebedev,Masculino,Salud,921
Timur Romanov,Masculino,Deporte,2243
Evgeni Kuznetsov,Masculino,Deporte,1296
Lev Zhukov,Masculino,Salud,2603
Daria Karpov,Femenino,Estudios,565
Oleg Lukin,Masculino,Asilo,979
Anna Lebedev,Femenino,Salud,2283
Stanislav Belov,Masculino,Trabajo,1307
Fyodor Zaitsev,Masculino,Estudios,2245
Georgi Karpov,Masculino,Estudios,1156
Elena Sergeev,Femenino,Asilo,593
Eduard Romanov,Masculino,Turismo,2704
Viktor Sokolov,Masculino,Salud,732
Anastasia Egorov,Femenino,Salud,1345
Maxim Morozov,Masculino,Asilo,1001
Alexei Kuznetsov,Masculino,Trabajo,2030
Nina Filippov,Femenino,Familia,1190
Taisiya Yakovlev,Femenino,Estudios,1368
Irina Popov,Femenino,Familia,518
Polina Zaitsev,Femenino,Deporte,814
Alexei Dmitriev,Masculino,Salud,1210
Polina Zhukov,Femenino,Asilo,2063
Sofiya Zhukov,Femenino,Estudios,505
Alexei Stepanov,Masculino,Asilo,1931
Maxim Krylov,Masculino,Turismo,2974
Valentina Andreev,Femenino,Asilo,2331
Evgenia Zhukov,Femenino,Deporte,1488
Sofiya Morozov,Femenino,Trabajo,1723
Maria Morozov,Femenino,Salud,2156
Nadezhda Yakovlev,Femenino,Salud,2752
Yuri Danilov,Masculino,Turismo,1834
Inna Gusev,Femenino,Turismo,2296
Nikolai Filippov,Masculino,Salud,2915
Pavel Zaitsev,Masculino,Turismo,1830
Polina Fedorov,Femenino,Asilo,1160
Raisa Belov,Femenino,Familia,2256
Vasili Romanov,Masculino,Estudios,2333
Inna Krylov,Femenino,Familia,2689
Eduard Sergeev,Masculino,Trabajo,1893
Denis Krylov,Masculino,Turismo,2062
Olga Markov,Femenino,Familia,928
Maria Kuznetsov,Femenino,Asilo,1816
Vasili Nikolaev,Masculino,Asilo,1558
Ekaterina Stepanov,Femenino,Deporte,1321
Dmitri Fedorov,Masculino,Estudios,1698
Anastasia Kuznetsov,Femenino,Salud,2779
Pavel Kuzmin,Masculino,Asilo,2621
Alla Nikolaev,Femenino,Deporte,1554
Daria Fedorov,Femenino,Estudios,2371
Gennadi Pavlov,Masculino,Familia,706
Maxim Lukin,Masculino,Turismo,1099
Andrei Simonov,Masculino,Estudios,1434
Galina Grigoryev,Femenino,Familia,2966
Tatiana Grigoryev,Femenino,Trabajo,1841
Galina Egorov,Femenino,Asilo,1754
Aleksandr Dmitriev,Masculino,Familia,2430
Alla Popov,Femenino,Turismo,1275
Vera Yakovlev,Femenino,Turismo,1592
Daria Simonov,Femenino,Deporte,1300
Vasili Kuzmin,Masculino,Turismo,548
Olga Kuzmin,Femenino,Estudios,1694
Galina Mikhailov,Femenino,Trabajo,2766
Georgi Markov,Masculino,Deporte,1963
Olga Sergeev,Femenino,Turismo,638
Elena Volkov,Femenino,Turismo,1546
Timur Ivanov,Masculino,Salud,2502
Lyubov Lebedev,Femenino,Deporte,2679
Natalia Novikov,Femenino,Salud,2593
Alla Lukin,Femenino,Salud,1594
Boris Romanov,Masculino,Turismo,2248
Irina Morozov,Femenino,Deporte,2322
Konstantin Egorov,Masculino,Asilo,1798
Nikolai Golubev,Masculino,Asilo,2297
Arkadi Alexandrov,Masculino,Turismo,1250
Nikita Novikov,Masculino,Turismo,645
Valeri Volkov,Masculino,Asilo,1371
Lev Orlov,Masculino,Asilo,823
Ekaterina Markov,Femenino,Asilo,2430
Maria Lukin,Femenino,Asilo,943
Georgi Kuznetsov,Masculino,Familia,896
Yakov Filippov,Masculino,Trabajo,1375
Lidia Novikov,Femenino,Estudios,2571
Zoya Romanov,Femenino,Turismo,2404
Svetlana Belov,Femenino,Turismo,2824
Georgi Ivanov,Masculino,Trabajo,2548
Elena Lebedev,Femenino,Estudios,1782
Olga Pavlov,Femenino,Turismo,2736
Lyudmila Krylov,Femenino,Salud,1952
Evgenia Kuznetsov,Femenino,Salud,846
Gennadi Sokolov,Masculino,Turismo,858
Ksenia Ivanov,Femenino,Asilo,1802
Sofiya Egorov,Femenino,Salud,607
Aleksandr Orlov,Masculino,Asilo,759
Maxim Tikhonov,Masculino,Deporte,2159
Galina Nikolaev,Femenino,Trabajo,832
Georgi Krylov,Masculino,Trabajo,2329
Nina Zhukov,Femenino,Turismo,1291
Daria Danilov,Femenino,Asilo,2096
Leonid Lebedev,Masculino,Estudios,1357
Ivan Simonov,Masculino,Familia,1127
Svetlana Karpov,Femenino,Deporte,857
Nikolai Ivanov,Masculino,Salud,817
Larisa Gusev,Femenino,Deporte,1170
Georgi Popov,Masculino,Turismo,1028
Stepan Kuznetsov,Masculino,Turismo,1878
Svetlana Lukin,Femenino,Deporte,532
Fyodor Romanov,Masculino,Turismo,1313
Inna Yakovlev,Femenino,Turismo,1789
Katerina Lebedev,Femenino,Deporte,968
Yuri Titov,Masculino,Trabajo,1368
Tamara Andreev,Femenino,Estudios,2700
Irina Yakovlev,Femenino,Deporte,2257
Anna Lukin,Femenino,Familia,2562
Grigori Egorov,Masculino,Asilo,2345
Timur Andreev,Masculino,Deporte,1305
Polina Orlov,Femenino,Turismo,2503
Anna Dmitriev,Femenino,Salud,1032
Polina Dmitriev,Femenino,Familia,2404
Ekaterina Orlov,Femenino,Salud,1751
Sergei Sergeev,Masculino,Estudios,2991
Sofiya Stepanov,Femenino,Salud,1198
Galina Smirnov,Femenino,Salud,1275
Aleksandr Mikhailov,Masculino,Deporte,1433
Evgenia Sergeev,Femenino,Asilo,2765
Stanislav Nikolaev,Masculino,Salud,2746
Irina Pavlov,Femenino,Deporte,2312
Yuri Andreev,Masculino,Estudios,828
Maxim Nikolaev,Masculino,Salud,2997
Ksenia Alexandrov,Femenino,Trabajo,2525
Galina Dmitriev,Femenino,Asilo,1913
Marina Lukin,Femenino,Estudios,1279
Yuri Zaitsev,Masculino,Familia,967
Yuri Krylov,Masculino,Trabajo,2367
Zoya Markov,Femenino,Estudios,947
Valentina Sergeev,Femenino,Familia,2726
Evgeni Volkov,Masculino,Estudios,845
Georgi Mikhailov,Masculino,Salud,2881
Nina Kuzmin,Femenino,Asilo,861
Inna Egorov,Femenino,Salud,2928
Arkadi Yakovlev,Masculino,Trabajo,672
Leonid Danilov,Masculino,Turismo,1372
Igor Sokolov,Masculino,Trabajo,2694
Dmitri Zaitsev,Masculino,Salud,2986
Lev Stepanov,Masculino,Turismo,2464
Ekaterina Titov,Femenino,Estudios,1434
Vladimir Lebedev,Masculino,Familia,971
Yuri Dmitriev,Masculino,Estudios,2794
Eduard Morozov,Masculino,Salud,1806
Elena Karpov,Femenino,Familia,960
Konstantin Ivanov,Masculino,Trabajo,2233
Vasili Titov,Masculino,Deporte,2381
Stepan Fedorov,Masculino,Trabajo,653
Ksenia Zaitsev,Femenino,Salud,1570
Denis Egorov,Masculino,Salud,1519
Lyubov Golubev,Femenino,Estudios,845
Katerina Lebedev,Femenino,Estudios,2649
Nikolai Filippov,Masculino,Familia,1728
Gennadi Dmitriev,Masculino,Salud,635
Anastasia Tikhonov,Femenino,Turismo,1205
Konstantin Filippov,Masculino,Estudios,2030
Natalia Morozov,Femenino,Deporte,2694
Polina Orlov,Femenino,Trabajo,1297
Galina Smirnov,Femenino,Familia,1379
Anna Kuzmin,Femenino,Turismo,1248
Daria Volkov,Femenino,Salud,2378
Elena Ivanov,Femenino,Familia,2898
Vasili Orlov,Masculino,Familia,1671
Fyodor Romanov,Masculino,Turismo,1232
Anna Markov,Femenino,Trabajo,1583
Tatiana Gusev,Femenino,Salud,2626
Vasili Golubev,Masculino,Deporte,2459
Galina Fedorov,Femenino,Deporte,1113
Alla Kuzmin,Femenino,Salud,622
Svetlana Andreev,Femenino,Estudios,2385
Evgeni Kuzmin,Masculino,Deporte,648
Elena Belov,Femenino,Turismo,2968
Igor Golubev,Masculino,Asilo,1178
Tamara Markov,Femenino,Deporte,2792
Tamara Dmitriev,Femenino,Salud,2840
Yuri Karpov,Masculino,Familia,1256
Vasili Pavlov,Masculino,Salud,2215
Lyudmila Zaitsev,Femenino,Turismo,2275
Georgi Belov,Masculino,Familia,1437
Aleksandr Mikhailov,Masculino,Salud,1715
Yuri Fedorov,Masculino,Familia,2522
Anastasia Zaitsev,Femenino,Trabajo,1378
Inna Nikolaev,Femenino,Asilo,2187
Svetlana Krylov,Femenino,Trabajo,1090
Yakov Filippov,Masculino,Salud,2939
Sofiya Fedorov,Femenino,Turismo,924
Georgi Pavlov,Masculino,Estudios,715
Evgenia Morozov,Femenino,Turismo,872
Gennadi Lukin,Masculino,Asilo,1266
Fyodor Lebedev,Masculino,Trabajo,2534
Konstantin Danilov,Masculino,Deporte,755
Valentina Sokolov,Femenino,Trabajo,2503
Yakov Simonov,Masculino,Familia,740
Maria Grigoryev,Femenino,Asilo,762
Tamara Grigoryev,Femenino,Salud,1274
Vera Volkov,Femenino,Salud,977
Elena Kuzmin,Femenino,Salud,2394
Roman Alexandrov,Masculino,Trabajo,2119
Timur Zhukov,Masculino,Estudios,2609
Arkadi Kuzmin,Masculino,Deporte,852
Larisa Petrov,Femenino,Salud,1419
Inna Markov,Femenino,Trabajo,2747
Inna Morozov,Femenino,Estudios,979
Sofiya Pavlov,Femenino,Familia,1564
Victoria Stepanov,Femenino,Estudios,1553
Larisa Smirnov,Femenino,Asilo,1356
Alexei Lukin,Masculino,Asilo,1612
Ekaterina Sokolov,Femenino,Deporte,2752
Inna Egorov,Femenino,Salud,1339
Lidia Zhukov,Femenino,Familia,508
Evgeni Kuznetsov,Masculino,Deporte,1573
Raisa Morozov,Femenino,Turismo,1100
Anna Andreev,Femenino,Salud,1242
Olga Sokolov,Femenino,Salud,2593
Maria Zhukov,Femenino,Turismo,2219
Victoria Sergeev,Femenino,Salud,626
Yuri Zhukov,Masculino,Asilo,2959
Pavel Andreev,Masculino,Asilo,1554
Andrei Karpov,Masculino,Turismo,2300
Larisa Markov,Femenino,Estudios,2979
Ivan Stepanov,Masculino,Trabajo,1345
Evgenia Morozov,Femenino,Asilo,2254
Elena Kuznetsov,Femenino,Asilo,1708
Irina Filippov,Femenino,Turismo,1543
Nikita Smirnov,Masculino,Turismo,2452
Galina Tikhonov,Femenino,Salud,2703
Raisa Mikhailov,Femenino,Estudios,1718
Aleksandr Sokolov,Masculino,Trabajo,2578
Ekaterina Fedorov,Femenino,Estudios,2499
Tamara Popov,Femenino,Turismo,2879
Viktor Pavlov,Masculino,Salud,2709
Valentina Andreev,Femenino,Deporte,2210
Daria Volkov,Femenino,Trabajo,865
Katerina Belov,Femenino,Salud,1865
Larisa Fedorov,Femenino,Estudios,1297
Polina Egorov,Femenino,Asilo,897
Yulia Nikolaev,Femenino,Familia,1883
Raisa Mikhailov,Femenino,Salud,1846
Dmitri Markov,Masculino,Asilo,1210
Larisa Danilov,Femenino,Turismo,2866
Grigori Smirnov,Masculino,Familia,1077
Konstantin Belov,Masculino,Familia,1671
Aleksandr Andreev,Masculino,Deporte,780
Galina Mikhailov,Femenino,Familia,1885
Galina Popov,Femenino,Trabajo,2054
Pavel Tikhonov,Masculino,Trabajo,2810
Anatoli Alexandrov,Masculino,Estudios,2672
Anna Yakovlev,Femenino,Estudios,2444
Arkadi Filippov,Masculino,Deporte,643
Grigori Pavlov,Masculino,Familia,540
Lev Golubev,Masculino,Asilo,2114
Lyubov Pavlov,Femenino,Trabajo,1787
Fyodor Gusev,Masculino,Familia,2372
Fyodor Sokolov,Masculino,Trabajo,2690
Yakov Titov,Masculino,Salud,2670
Alexei Alexandrov,Masculino,Familia,1149
Lidia Tikhonov,Femenino,Trabajo,605
Yakov Morozov,Masculino,Familia,2634
Natalia Fedorov,Femenino,Trabajo,2901
Alexei Dmitriev,Masculino,Familia,1135
Gennadi Zhukov,Masculino,Salud,1143
Georgi Orlov,Masculino,Estudios,604
Maxim Andreev,Masculino,Turismo,2157
Tamara Zaitsev,Femenino,Turismo,1809
Alla Filippov,Femenino,Familia,1362
Gennadi Ivanov,Masculino,Trabajo,2427
Nina Danilov,Femenino,Asilo,716
Svetlana Karpov,Femenino,Familia,1282
Stepan Tikhonov,Masculino,Estudios,2968
Alla Novikov,Femenino,Familia,950
Victoria Simonov,Femenino,Asilo,1391
Georgi Kuzmin,Masculino,Asilo,672
Irina Lebedev,Femenino,Trabajo,896
Ekaterina Krylov,Femenino,Estudios,1472
Tamara Petrov,Femenino,Estudios,2365
Daria Filippov,Femenino,Familia,1128
Alexei Lukin,Masculino,Familia,652
Ekaterina Sergeev,Femenino,Familia,2913
Lyubov Belov,Femenino,Salud,2371
Nina Danilov,Femenino,Deporte,1914
Ksenia Kuznetsov,Femenino,Deporte,1435
Fyodor Belov,Masculino,Trabajo,708
Raisa Golubev,Femenino,Familia,2079
Anatoli Orlov,Masculino,Familia,1762
Konstantin Stepanov,Masculino,Turismo,1931
Daria Mikhailov,Femenino,Trabajo,2998
Nikolai Novikov,Masculino,Asilo,2877
Inna Volkov,Femenino,Salud,1379
Fyodor Sergeev,Masculino,Asilo,2616
Tamara Filippov,Femenino,Deporte,2335
Georgi Popov,Masculino,Asilo,1031
Evgenia Lebedev,Femenino,Asilo,1348
Maria Fedorov,Femenino,Trabajo,1273
Valentina Lebedev,Femenino,Familia,1400
Sofiya Lebedev,Femenino,Estudios,1123
Oleg Karpov,Masculino,Asilo,1675
Sofiya Golubev,Femenino,Estudios,1211
Anna Lukin,Femenino,Asilo,639
Nikolai Egorov,Masculino,Trabajo,744
Gennadi Simonov,Masculino,Trabajo,2646
Vera Yakovlev,Femenino,Trabajo,1600
Anastasia Kuzmin,Femenino,Salud,755
Olga Karpov,Femenino,Salud,1186
Arkadi Karpov,Masculino,Familia,1308
Taisiya Gusev,Femenino,Estudios,2684
Arkadi Pavlov,Masculino,Turismo,863
Nadezhda Pavlov,Femenino,Salud,503
Galina Zhukov,Femenino,Estudios,1751
Sergei Morozov,Masculino,Salud,1455
Vladimir Popov,Masculino,Estudios,978
Alla Nikolaev,Femenino,Estudios,1454
Leonid Novikov,Masculino,Deporte,1800
Aleksandr Gusev,Masculino,Trabajo,547
Eduard Romanov,Masculino,Turismo,2557
Yulia Pavlov,Femenino,Deporte,1942
Ivan Egorov,Masculino,Estudios,2440
Gennadi Sokolov,Masculino,Asilo,2470
Victoria Gusev,Femenino,Estudios,681
Elena Sokolov,Femenino,Asilo,1894
Olga Stepanov,Femenino,Asilo,2134
Raisa Yakovlev,Femenino,Deporte,2803
Nadezhda Romanov,Femenino,Deporte,2369
Natalia Gusev,Femenino,Deporte,2176
Olga Romanov,Femenino,Turismo,2857
Valentina Danilov,Femenino,Turismo,2264
Anatoli Kuznetsov,Masculino,Deporte,713
Denis Fedorov,Masculino,Familia,1352
Olga Alexandrov,Femenino,Estudios,1896
Lyudmila Karpov,Femenino,Asilo,2208
Dmitri Lebedev,Masculino,Estudios,1077
Maxim Morozov,Masculino,Deporte,1142
Evgenia Zaitsev,Femenino,Deporte,2415
Vasili Sokolov,Masculino,Asilo,592
Galina Pavlov,Femenino,Trabajo,1570
Galina Sokolov,Femenino,Familia,2240
Yulia Lebedev,Femenino,Turismo,2931
Igor Fedorov,Masculino,Estudios,2212
Lyubov Fedorov,Femenino,Familia,2626
Maxim Sergeev,Masculino,Deporte,512
Nadezhda Pavlov,Femenino,Asilo,586
Olga Morozov,Femenino,Trabajo,2785
Nikolai Dmitriev,Masculino,Asilo,752
Nina Belov,Femenino,Asilo,2863
Nina Krylov,Femenino,Salud,1542
Lev Karpov,Masculino,Asilo,580
Roman Lebedev,Masculino,Trabajo,2426
Anastasia Ivanov,Femenino,Familia,2280
Tatiana Belov,Femenino,Salud,1638
Mikhail Kuznetsov,Masculino,Trabajo,778
Dmitri Simonov,Masculino,Deporte,671
Yakov Morozov,Masculino,Familia,2975
Andrei Pavlov,Masculino,Asilo,707
Mikhail Stepanov,Masculino,Familia,1666
Zoya Simonov,Femenino,Asilo,1478
Viktor Stepanov,Masculino,Asilo,1170
Ksenia Gusev,Femenino,Familia,2278
Boris Tikhonov,Masculino,Asilo,2451
Valentina Vasiliev,Femenino,Turismo,2140
Sergei Pavlov,Masculino,Trabajo,793
Olga Gusev,Femenino,Estudios,1525
Valentina Popov,Femenino,Salud,2905
Lyudmila Sergeev,Femenino,Deporte,2651
Galina Zhukov,Femenino,Salud,1884
Polina Fedorov,Femenino,Deporte,772
Marina Filippov,Femenino,Estudios,1907
Nina Sergeev,Femenino,Salud,2681
Dmitri Petrov,Masculino,Asilo,1238
Stepan Volkov,Masculino,Deporte,2742
Boris Zhukov,Masculino,Familia,2461
Larisa Titov,Femenino,Turismo,958
Pavel Alexandrov,Masculino,Estudios,885
Viktor Mikhailov,Masculino,Asilo,2601
Mikhail Sokolov,Masculino,Estudios,2275
Lyubov Krylov,Femenino,Turismo,1866
Yuri Ivanov,Masculino,Familia,1750
Polina Golubev,Femenino,Asilo,953
Oleg Krylov,Masculino,Asilo,2011
